{
  "action_head.model.transformer_blocks.0.attn1": {
    "all": [
      1.1596890687942505,
      1.130925178527832,
      1.122467279434204,
      1.277880311012268,
      1.2406246662139893,
      1.2069392204284668,
      1.211474061012268,
      1.2500792741775513,
      1.3210691213607788,
      1.2597486972808838,
      1.3536550998687744,
      1.2531042098999023,
      1.2218598127365112,
      1.381235122680664,
      1.1964691877365112,
      1.399999976158142,
      1.2890421152114868,
      1.1614599227905273,
      1.2091727256774902,
      1.2647254467010498,
      1.2022926807403564,
      1.2102127075195312,
      1.255375862121582,
      1.2562096118927002,
      1.3301563262939453,
      1.2620904445648193,
      1.23093843460083,
      1.3078961372375488,
      1.1176035404205322,
      1.1314173936843872,
      1.31103515625,
      1.3096086978912354
    ],
    "beta": 1.1505325044337416
  },
  "action_head.model.transformer_blocks.1.attn1": {
    "all": [
      0.9514992237091064,
      0.9485835433006287,
      1.0,
      1.0,
      0.9731528759002686,
      0.9689398407936096,
      1.2931894063949585,
      1.0,
      0.9140283465385437,
      0.9260678291320801,
      0.9650774002075195,
      0.9769884347915649,
      1.0,
      1.0,
      1.0,
      1.0,
      1.0500961542129517,
      0.9183861017227173,
      1.0713263750076294,
      0.9577136635780334,
      1.0799705982208252,
      0.9577890038490295,
      1.030832290649414,
      1.0,
      1.048342227935791,
      1.0,
      1.0359759330749512,
      1.0,
      1.0632643699645996,
      1.0438318252563477,
      0.9523389339447021,
      0.9230088591575623
    ],
    "beta": 1.0991192893708404
  },
  "action_head.model.transformer_blocks.10.attn1": {
    "all": [
      1.300478458404541,
      1.1274927854537964,
      1.2664902210235596,
      1.2015559673309326,
      1.2406117916107178,
      1.2344828844070435,
      1.3679492473602295,
      1.2631312608718872,
      1.399999976158142,
      1.117602825164795,
      1.0675572156906128,
      1.399999976158142,
      1.1659754514694214,
      1.399999976158142,
      1.1674007177352905,
      1.399999976158142,
      1.268505573272705,
      1.1958873271942139,
      1.2289875745773315,
      1.399999976158142,
      1.2986335754394531,
      1.312583088874817,
      1.399999976158142,
      1.0203777551651,
      1.25215482711792,
      1.202214241027832,
      1.185768961906433,
      1.399999976158142,
      1.399999976158142,
      1.0840579271316528,
      1.3303778171539307,
      1.399999976158142
    ],
    "beta": 1.2469780636504821
  },
  "action_head.model.transformer_blocks.11.attn1": {
    "all": [
      1.022962212562561,
      0.9649295210838318,
      1.0395362377166748,
      0.9206724166870117,
      0.843024492263794,
      0.9767624139785767,
      0.8436858654022217,
      0.9774991273880005,
      1.0532814264297485,
      1.0,
      0.9604881405830383,
      1.0,
      0.926834225654602,
      0.9640086889266968,
      0.9170975089073181,
      1.0341713428497314,
      0.9523721933364868,
      0.8975209593772888,
      0.9085135459899902,
      0.9282758235931396,
      1.0432322025299072,
      0.9261512160301208,
      0.9496529698371887,
      0.9575257301330566,
      0.8870411515235901,
      0.8717609643936157,
      1.082990288734436,
      0.8228845000267029,
      0.7787189483642578,
      0.9095297455787659,
      1.132392168045044,
      0.9542214274406433
    ],
    "beta": 0.9481081642449438
  },
  "action_head.model.transformer_blocks.12.attn1": {
    "all": [
      1.2383975982666016,
      1.2007023096084595,
      1.399999976158142,
      1.2271753549575806,
      1.399999976158142,
      1.399999976158142,
      1.399999976158142,
      1.2642791271209717,
      1.2984057664871216,
      1.399999976158142,
      1.3238797187805176,
      1.3076661825180054,
      1.379022240638733,
      1.304256796836853,
      1.3549880981445312,
      1.2272313833236694,
      1.3113547563552856,
      1.1821184158325195,
      1.272861361503601,
      1.3033156394958496,
      1.332256555557251,
      1.399999976158142,
      1.3947447538375854,
      1.2143959999084473,
      1.2984822988510132,
      1.1657005548477173,
      1.2005301713943481,
      1.2306989431381226,
      0.97383052110672,
      1.0,
      1.399999976158142,
      1.252597451210022
    ],
    "beta": 1.3415196822559803
  },
  "action_head.model.transformer_blocks.13.attn1": {
    "all": [
      1.0,
      1.0483498573303223,
      1.0,
      1.0,
      0.9167234301567078,
      1.0630037784576416,
      0.9265336990356445,
      1.0652223825454712,
      1.0279788970947266,
      1.0,
      1.0313676595687866,
      1.0677883625030518,
      1.1166797876358032,
      0.795197069644928,
      1.3022688627243042,
      1.047272801399231,
      0.9742442965507507,
      1.0,
      0.9742871522903442,
      1.0236459970474243,
      0.9364641308784485,
      0.9006308317184448,
      0.8552104830741882,
      0.8954927325248718,
      1.1180164813995361,
      0.844052791595459,
      1.2270845174789429,
      1.0804256200790405,
      1.0,
      0.896371066570282,
      0.9670060276985168,
      1.0403283834457397
    ],
    "beta": 0.9066964775101477
  },
  "action_head.model.transformer_blocks.14.attn1": {
    "all": [
      1.245047688484192,
      1.0,
      1.3858169317245483,
      1.3126929998397827,
      1.0708634853363037,
      1.1661261320114136,
      1.1510781049728394,
      1.0722403526306152,
      1.399999976158142,
      1.399999976158142,
      0.9725116491317749,
      1.399999976158142,
      1.2932283878326416,
      1.078629493713379,
      1.1680936813354492,
      1.194818377494812,
      1.201433777809143,
      1.0703824758529663,
      1.399999976158142,
      1.2375082969665527,
      1.3524595499038696,
      1.3223865032196045,
      1.1211711168289185,
      1.2722774744033813,
      1.2763960361480713,
      1.1489745378494263,
      1.099111557006836,
      1.205381989479065,
      1.187058448791504,
      1.399999976158142,
      1.2636659145355225,
      1.3317232131958008
    ],
    "beta": 1.3744608884352694
  },
  "action_head.model.transformer_blocks.15.attn1": {
    "all": [
      0.976255476474762,
      0.915582537651062,
      0.7027439475059509,
      0.8501188158988953,
      0.7825758457183838,
      0.9006004929542542,
      1.0488290786743164,
      0.8402532935142517,
      1.0316002368927002,
      0.8751448392868042,
      0.9304578304290771,
      1.0387837886810303,
      1.0204962491989136,
      0.9520264863967896,
      0.9216794967651367,
      1.0,
      0.8726628422737122,
      0.9766278862953186,
      0.845696747303009,
      0.9259188175201416,
      0.9578153491020203,
      0.9716587662696838,
      0.8994795680046082,
      0.944185197353363,
      1.037655234336853,
      1.0,
      1.0,
      1.165652871131897,
      0.8810786604881287,
      0.8890381455421448,
      0.9790109395980835,
      0.862148642539978
    ],
    "beta": 0.9694289048034812
  },
  "action_head.model.transformer_blocks.2.attn1": {
    "all": [
      1.3073426485061646,
      1.2953063249588013,
      1.271446704864502,
      1.200178623199463,
      1.2656824588775635,
      1.1617728471755981,
      1.1919840574264526,
      1.3114008903503418,
      1.1089237928390503,
      1.1546581983566284,
      1.2206299304962158,
      1.1537272930145264,
      1.399999976158142,
      1.2246918678283691,
      1.1694215536117554,
      1.399999976158142,
      1.0873372554779053,
      1.340464472770691,
      1.1945462226867676,
      1.3361907005310059,
      1.0886107683181763,
      1.2410876750946045,
      1.2769927978515625,
      1.3050795793533325,
      1.2797256708145142,
      1.3276646137237549,
      1.2685006856918335,
      1.2344783544540405,
      1.2322771549224854,
      1.2842100858688354,
      1.238979458808899,
      1.2253035306930542
    ],