{
  "action_head.model.transformer_blocks.0.attn1": {
    "all": [
      1.399999976158142,
      1.232179045677185,
      1.399999976158142,
      1.3125680685043335,
      1.383061170578003,
      1.3585939407348633,
      1.3621560335159302,
      1.3451496362686157,
      1.399999976158142,
      1.3554333448410034,
      1.399999976158142,
      1.3708786964416504,
      1.3503297567367554,
      1.32137930393219,
      1.399999976158142,
      1.399999976158142,
      1.345587134361267,
      1.2356131076812744,
      1.3977123498916626,
      1.399999976158142,
      1.399999976158142,
      1.3750272989273071,
      1.399999976158142,
      1.399999976158142,
      1.399999976158142,
      1.2123174667358398,
      1.399999976158142,
      1.399999976158142,
      1.3714677095413208,
      1.3919670581817627,
      1.399999976158142,
      1.3396176099777222
    ],
    "beta": 1.1150229085068306
  },
  "action_head.model.transformer_blocks.1.attn1": {
    "all": [
      1.0215007066726685,
      1.0,
      1.069819450378418,
      1.1849792003631592,
      1.0,
      0.8847713470458984,
      1.399999976158142,
      1.058463454246521,
      1.07997465133667,
      1.0,
      1.0948374271392822,
      1.0,
      0.9594970941543579,
      1.0294862985610962,
      1.0791113376617432,
      0.9553746581077576,
      1.0457103252410889,
      0.9519465565681458,
      1.2312506437301636,
      1.0633325576782227,
      1.0,
      1.0,
      1.1448347568511963,
      1.0756261348724365,
      1.0,
      1.0220474004745483,
      0.9750826954841614,
      1.0409635305404663,
      1.1471598148345947,
      1.2994273900985718,
      1.0744765996932983,
      0.799497663974762
    ],
    "beta": 1.0757714786179409
  },
  "action_head.model.transformer_blocks.10.attn1": {
    "all": [
      1.3242610692977905,
      1.2527275085449219,
      1.2099125385284424,
      1.399999976158142,
      1.2801241874694824,
      1.0757838487625122,
      1.3686883449554443,
      1.399999976158142,
      1.1543715000152588,
      1.2154110670089722,
      1.3214048147201538,
      1.1174705028533936,
      1.234052062034607,
      0.9682541489601135,
      1.104284405708313,
      1.3589134216308594,
      1.1027264595031738,
      1.1843708753585815,
      1.399999976158142,
      1.0992048978805542,
      1.3203141689300537,
      1.2004014253616333,
      1.399999976158142,
      1.3303868770599365,
      1.2543197870254517,
      1.2519781589508057,
      1.0,
      1.399999976158142,
      1.2612738609313965,
      1.1347757577896118,
      1.1313612461090088,
      1.3321096897125244
    ],
    "beta": 1.1847624163992108
  },
  "action_head.model.transformer_blocks.11.attn1": {
    "all": [
      1.0201343297958374,
      0.9356669783592224,
      1.0,
      0.9009647965431213,
      0.9434743523597717,
      1.0,
      0.9789031744003296,
      1.024432897567749,
      0.9109216332435608,
      0.9635071158409119,
      0.9082197546958923,
      0.8491121530532837,
      1.0,
      1.0,
      1.0680325031280518,
      0.8984102010726929,
      0.9711448550224304,
      0.925685465335846,
      1.0906585454940796,
      1.0932908058166504,
      0.9465867877006531,
      1.0,
      0.9677430987358093,
      1.0,
      0.9284497499465942,
      0.9565335512161255,
      0.9321545958518982,
      0.8529215455055237,
      0.8639273643493652,
      0.9692720174789429,
      1.1427394151687622,
      0.953235924243927
    ],
    "beta": 0.9429065382036709
  },
  "action_head.model.transformer_blocks.12.attn1": {
    "all": [
      1.3284577131271362,
      1.399999976158142,
      1.23198664188385,
      1.3457838296890259,
      1.399999976158142,
      1.399078130722046,
      1.399999976158142,
      1.1204904317855835,
      1.096640944480896,
      1.1019115447998047,
      1.2385324239730835,
      1.399999976158142,
      1.399999976158142,
      1.2299443483352661,
      1.3793175220489502,
      1.399999976158142,
      1.0663396120071411,
      1.2182377576828003,
      1.1262006759643555,
      1.225283145904541,
      1.2094659805297852,
      1.1152045726776123,
      1.3075721263885498,
      1.3401219844818115,
      1.2074874639511108,
      1.2432501316070557,
      1.399999976158142,
      1.192271113395691,
      1.0771504640579224,
      1.399999976158142,
      1.399999976158142,
      1.399999976158142
    ],
    "beta": 1.0950182797696255
  },
  "action_head.model.transformer_blocks.13.attn1": {
    "all": [
      0.9640072584152222,
      1.0803489685058594,
      0.8853169083595276,
      1.0514256954193115,
      1.0,
      0.9231658577919006,
      0.9573957920074463,
      0.9181947112083435,
      0.9510014057159424,
      0.863105833530426,
      0.8286023139953613,
      1.093577265739441,
      0.8598070740699768,
      0.8651357293128967,
      1.1689543724060059,
      0.8849468231201172,
      0.9720920324325562,
      0.9287463426589966,
      0.9520277976989746,
      1.0834044218063354,
      1.05863356590271,
      0.9512662887573242,
      0.9479154944419861,
      1.1827553510665894,
      0.9183182716369629,
      0.9386424422264099,
      0.7636503577232361,
      0.8929265737533569,
      0.9274795651435852,
      0.9606457352638245,
      0.9478853940963745,
      0.9764963984489441
    ],
    "beta": 1.0
  },
  "action_head.model.transformer_blocks.14.attn1": {
    "all": [
      1.399999976158142,
      1.3017147779464722,
      1.3514289855957031,
      1.0276519060134888,
      1.2330255508422852,
      1.163169503211975,
      1.3314876556396484,
      1.261788249015808,
      1.298435926437378,
      1.132243037223816,
      1.032005786895752,
      1.2371541261672974,
      1.399999976158142,
      1.399999976158142,
      1.0,
      1.120789647102356,
      1.399999976158142,
      1.2031575441360474,
      1.399999976158142,
      1.2774767875671387,
      1.3529855012893677,
      1.3240814208984375,
      1.399999976158142,
      1.0786539316177368,
      1.2716827392578125,
      1.3056697845458984,
      1.2230682373046875,
      1.3579875230789185,
      1.3158063888549805,
      1.3173471689224243,
      1.1132181882858276,
      1.2469544410705566
    ],
    "beta": 1.3731710126366583
  },
  "action_head.model.transformer_blocks.15.attn1": {
    "all": [
      1.0210959911346436,
      1.0,
      1.1157763004302979,
      1.0236411094665527,
      0.9515067338943481,
      0.975044310092926,
      0.8450320363044739,
      0.9652777314186096,
      1.087113380432129,
      1.091324806213379,
      1.042038083076477,
      0.947489857673645,
      0.9477243423461914,
      0.8121232390403748,
      0.9457466006278992,
      0.9573842883110046,
      1.0,
      1.0,
      0.8440359234809875,
      0.9601427316665649,
      1.0512607097625732,
      0.9277889728546143,
      1.0268986225128174,
      0.9716687798500061,
      0.9157871603965759,
      1.0,
      0.8702467083930969,
      0.9665741920471191,
      0.9604483246803284,
      0.9003092646598816,
      1.0790033340454102,
      0.8942180275917053
    ],
    "beta": 0.9675508548071742
  },