{
  "action_head.model.transformer_blocks.0.attn1": {
    "all": [
      1.399999976158142,
      1.399999976158142,
      1.3543521165847778,
      1.399999976158142,
      1.3149092197418213,
      1.3882976770401,
      1.356750726699829,
      1.3896042108535767,
      1.3487427234649658,
      1.399999976158142,
      1.2589761018753052,
      1.2394441366195679,
      1.399999976158142,
      1.3655396699905396,
      1.399999976158142,
      1.392378807067871,
      1.3584873676300049,
      1.3482182025909424,
      1.3411154747009277,
      1.351394772529602,
      1.399999976158142,
      1.3968780040740967,
      1.399999976158142,
      1.399999976158142,
      1.3433805704116821,
      1.3893388509750366,
      1.399999976158142,
      1.3419371843338013,
      1.399999976158142,
      1.399999976158142,
      1.3948317766189575,
      1.2866226434707642
    ],
    "beta": 1.0
  },
  "action_head.model.transformer_blocks.1.attn1": {
    "all": [
      1.0684950351715088,
      1.0229389667510986,
      0.8988116383552551,
      1.399999976158142,
      0.9027340412139893,
      0.9696758389472961,
      1.367735743522644,
      1.0,
      1.1642265319824219,
      0.9452863335609436,
      1.086063265800476,
      1.0,
      1.0396376848220825,
      1.2225793600082397,
      1.116441011428833,
      1.1023331880569458,
      1.206073522567749,
      0.9031103253364563,
      1.0677313804626465,
      1.0753207206726074,
      0.9554333090782166,
      1.0249289274215698,
      1.131671667098999,
      0.9288092255592346,
      1.0,
      1.2020869255065918,
      1.0,
      1.0237407684326172,
      0.8945986032485962,
      1.399999976158142,
      0.872630774974823,
      0.7408207654953003
    ],
    "beta": 0.8029613406142478
  },
  "action_head.model.transformer_blocks.10.attn1": {
    "all": [
      1.3334602117538452,
      1.252138614654541,
      1.399999976158142,
      1.2760891914367676,
      1.064860224723816,
      1.3039857149124146,
      1.367676854133606,
      1.2244176864624023,
      1.399999976158142,
      1.378616452217102,
      1.3037735223770142,
      1.399999976158142,
      1.399999976158142,
      1.2028080224990845,
      1.3811098337173462,
      1.399999976158142,
      1.2459816932678223,
      1.399999976158142,
      1.3486371040344238,
      0.9382752180099487,
      1.1746894121170044,
      1.399999976158142,
      1.2107267379760742,
      1.399999976158142,
      1.399999976158142,
      1.335067868232727,
      1.137015461921692,
      1.399999976158142,
      1.2866756916046143,
      1.399999976158142,
      1.399999976158142,
      1.2924444675445557
    ],
    "beta": 1.1431985456579055
  },
  "action_head.model.transformer_blocks.11.attn1": {
    "all": [
      1.049234390258789,
      1.0,
      1.0713624954223633,
      1.0331552028656006,
      1.022244930267334,
      0.9687963724136353,
      1.073442816734314,
      0.8788190484046936,
      1.1193240880966187,
      0.8681467175483704,
      1.0,
      1.086267352104187,
      0.9362976551055908,
      1.0332874059677124,
      1.155348300933838,
      1.0728199481964111,
      1.035783052444458,
      1.0,
      1.0322785377502441,
      0.9022400379180908,
      1.036704182624817,
      0.9479084610939026,
      1.0248240232467651,
      1.0279065370559692,
      0.9548630714416504,
      1.1535881757736206,
      0.8806549310684204,
      1.0991134643554688,
      1.0722373723983765,
      0.9029228687286377,
      1.029695987701416,
      1.0607649087905884
    ],
    "beta": 1.0409768388067173
  },
  "action_head.model.transformer_blocks.12.attn1": {
    "all": [
      1.3094969987869263,
      1.3826364278793335,
      1.3634471893310547,
      1.2328927516937256,
      1.2681653499603271,
      1.0210992097854614,
      1.236228346824646,
      1.2476612329483032,
      1.1606911420822144,
      1.2184865474700928,
      1.2875629663467407,
      1.399999976158142,
      1.0288335084915161,
      0.9780621528625488,
      1.3043571710586548,
      1.2515265941619873,
      1.399999976158142,
      1.1131906509399414,
      1.1802051067352295,
      1.164570927619934,
      1.243666648864746,
      1.399999976158142,
      1.2778172492980957,
      1.1594781875610352,
      1.3493213653564453,
      1.28341543674469,
      1.3789653778076172,
      1.158814787864685,
      1.0379189252853394,
      1.0884708166122437,
      1.289602518081665,
      1.1869940757751465
    ],
    "beta": 1.1692148917794198
  },
  "action_head.model.transformer_blocks.13.attn1": {
    "all": [
      1.1798149347305298,
      1.020951509475708,
      1.0831348896026611,
      1.0992919206619263,
      1.399999976158142,
      1.0,
      1.0,
      1.0230722427368164,
      1.091733455657959,
      0.8284666538238525,
      0.9562219381332397,
      0.9737988710403442,
      0.9076483249664307,
      1.1269001960754395,
      1.140051245689392,
      1.0500518083572388,
      1.0598423480987549,
      1.0,
      1.1419105529785156,
      1.0282477140426636,
      1.070368766784668,
      0.9299430251121521,
      1.0926448106765747,
      1.156553864479065,
      1.1387783288955688,
      1.0785903930664062,
      1.0546795129776,
      1.0,
      1.0,
      1.368751883506775,
      0.8643109202384949,
      1.0412698984146118
    ],
    "beta": 1.1098142604486418
  },
  "action_head.model.transformer_blocks.14.attn1": {
    "all": [
      1.1783562898635864,
      1.2246049642562866,
      1.1245808601379395,
      1.0286781787872314,
      1.199179768562317,
      1.2769725322723389,
      1.0,
      1.3218594789505005,
      1.2302427291870117,
      1.1946040391921997,
      1.399999976158142,
      1.399999976158142,
      1.1377180814743042,
      1.399999976158142,
      1.3562275171279907,
      1.399999976158142,
      1.399999976158142,
      1.399999976158142,
      1.3274263143539429,
      1.135227084159851,
      1.247345209121704,
      1.399999976158142,
      1.1182329654693604,
      1.399999976158142,
      1.1818296909332275,
      1.105039358139038,
      1.2664985656738281,
      1.3012478351593018,
      1.399999976158142,
      1.244333267211914,
      1.093685507774353,
      1.2612754106521606
    ],
    "beta": 1.3249395967117463
  },
  "action_head.model.transformer_blocks.15.attn1": {
    "all": [
      1.0,
      1.0804187059402466,
      1.399999976158142,
      1.0261421203613281,
      1.0721030235290527,
      0.9433186650276184,
      1.1877914667129517,
      1.0,
      1.1769527196884155,
      1.0851199626922607,
      1.0935561656951904,
      1.0567766427993774,
      1.088054895401001,
      1.0,
      1.0554784536361694,
      1.0747478008270264,
      1.0626088380813599,
      1.1405563354492188,
      1.1387665271759033,
      0.9461989998817444,
      1.1423218250274658,
      0.9491397738456726,
      1.039426326751709,
      1.1210994720458984,
      1.1537154912948608,
      1.17990243434906,
      1.0817259550094604,
      1.0,
      1.0,
      1.036873698234558,
      1.0655409097671509,
      1.0926694869995117
    ],
    "beta": 1.0
  },