{
  "baseline": {
    "mean": -0.6580365896224976,
    "std": 0.8775642514228821,
    "min": -4.5,
    "max": 5.78125,
    "abs_mean": 0.919221043586731
  },
  "quant": {
    "mean": -0.658745288848877,
    "std": 0.7433699369430542,
    "min": -4.71875,
    "max": 4.0,
    "abs_mean": 0.833396315574646
  },
  "atm": {
    "mean": -0.6587046980857849,
    "std": 0.7421075701713562,
    "min": -4.71875,
    "max": 3.84375,
    "abs_mean": 0.8333204388618469
  },
  "quant_minus_baseline": {
    "mean": -0.0007087260019034147,
    "std": 0.38487401604652405,
    "min": -2.953125,
    "max": 3.556640625,
    "abs_mean": 0.25701749324798584
  },
  "atm_minus_baseline": {
    "mean": -0.0006681753438897431,
    "std": 0.3859711289405823,
    "min": -3.2109375,
    "max": 3.556640625,
    "abs_mean": 0.2600537836551666
  }
}